name,source,reported lag,expected lag,retrieved lag,lag_error_plus,lag_error_minus,sim. coverage_fraction,redshift,baseline,cadence,sim_cadence,epochs,sim_epochs,SN,sim_sn,luminosity,flag
DES J002802.42-424913.52,McDougall2025,16.0,22.13094709605632,26.197131060391495,19.921112403866974,20.38872074532631,0.5277777777777778,0.127,2150.0,-1.0,60.833333333333336,18,19,-1,100,4.897788193684437e+43,2
DES J024347.34-005354.84,McDougall2025,27.5,33.884415613920346,26.385809382642147,34.769151501014804,19.090779830965698,0.5277777777777778,0.237,2150.0,-1.0,60.833333333333336,18,19,-1,100,1.1481536214968887e+44,0
PG 1411+442 ,Hu2025,80.2,47.4341649025257,46.721235750093285,17.34650016720579,16.862441331552485,0.545,0.089,1596.0,8.0,8.0,155,109,396,396,2.2500000000000004e+44,2
PG 1322+65,Woo2024,49.3,80.49844718999242,80.57673131078904,29.349719425157957,28.95286447304388,0.5454545454545454,0.168,2043.0,17.0,17.0,65,66,39,39,6.480000000000001e+44,2
Mrk 1501,Woo2024,11.7,34.928498393145965,34.63317924759061,15.200025428868365,14.933271347776408,0.5213675213675214,0.089,1741.0,15.0,15.0,38,61,41,41,1.2200000000000002e+44,2
J0101+422,Woo2024,76.1,81.67006795638164,81.0930953563387,28.425657649970546,29.20668660636087,0.5246913580246914,0.19,2103.0,13.0,13.0,84,85,46,46,6.670000000000001e+44,0
J0140+234,Woo2024,113.6,115.54220008291338,109.41530535809005,32.56661445915918,41.162145022746316,0.5337837837837838,0.32,2064.0,14.0,14.0,87,79,31,31,1.3350000000000001e+45,0
Mrk 1014,Woo2024,107.6,85.848704125339,86.03506588751901,38.68197079382142,34.63584270870375,0.5316455696202531,0.163,1572.0,20.0,20.0,31,42,39,39,7.37e+44,0
J0801+512,Woo2024,166.8,56.92099788303082,59.545209928652106,30.92671679568118,35.28208105917588,0.5432098765432098,0.321,2015.0,25.0,25.0,31,44,14,14,3.2400000000000006e+44,2
J0939+375,Woo2024,19.3,53.38539126015656,53.47562847205683,20.467355047914403,20.5926689444101,0.5348837209302325,0.231,2050.0,16.0,16.0,57,69,27,27,2.8500000000000005e+44,2
PG 0947+396,Woo2024,36.7,61.48170459575756,59.81131220741764,26.161841560068453,22.95205511820285,0.5374149659863946,0.206,2050.0,14.0,14.0,72,79,31,31,3.7800000000000005e+44,2
J1026+523,Woo2024,34.1,55.13619500836089,54.047958590795524,27.828206109673623,23.5197195064452,0.5289855072463768,0.259,2059.0,15.0,15.0,73,73,16,16,3.0400000000000005e+44,2
J1059+665,Woo2024,189.4,88.656641037206,82.79848846811299,40.59204358377373,41.47817894342658,0.5068493150684932,0.34,2018.0,28.0,28.0,36,37,24,24,7.860000000000001e+44,2
Mrk 1014,Hu2025,95.9,56.39148871948674,56.87284850217202,21.2881924548318,16.924109146139564,0.5459940652818991,0.163,2018.0,6.0,6.0,164,184,145,145,3.1800000000000003e+44,2
3C 249.1,Woo2024,53.7,209.8809186181536,196.31192487236711,48.070632373001104,55.47388711250264,0.5,0.312,2059.0,28.0,28.0,40,37,41,41,4.405e+45,2
J1105+671,Woo2024,24.8,61.88699378706322,63.09895659040363,25.518864376027423,32.37952554534064,0.5571428571428572,0.32,2015.0,29.0,29.0,29,39,23,23,3.8300000000000005e+44,2
J1120+423,Woo2024,44.4,58.13776741499453,58.557545262197486,24.859591725213967,24.40058467513399,0.5348837209302325,0.226,2059.0,16.0,16.0,48,69,30,30,3.38e+44,0
PG 1121+422,Woo2024,115.8,82.82511696339462,81.22772511727136,31.240616289681043,27.423577812110068,0.5409836065573771,0.225,2074.0,17.0,17.0,61,66,33,33,6.860000000000001e+44,2
J1203+455,Woo2024,52.6,98.94442884771227,95.14168313877266,32.29408088167925,38.52803549688197,0.543859649122807,0.343,2041.0,18.0,18.0,49,62,25,25,9.79e+44,2
2E 1202.1+2811,Woo2024,38.5,52.44044240850759,51.38006793639608,19.292333283613125,22.483133044936324,0.5374149659863946,0.165,2057.0,14.0,14.0,84,79,30,30,2.75e+44,0
J1217+333,Woo2024,26.5,39.1152144312159,41.80602512653623,15.24127102868077,15.229386658419251,0.5328467153284672,0.178,2052.0,15.0,15.0,60,73,26,26,1.53e+44,2
VIII Zw 218,Woo2024,63.3,53.85164807134504,53.73240160334527,19.864992114217443,19.104499238907295,0.5374149659863946,0.127,2056.0,14.0,14.0,79,79,38,38,2.9e+44,0
J1415+483,Woo2024,25.3,66.40783086353598,66.80511797682524,26.569430988298777,30.421613398520826,0.5425531914893617,0.275,1974.0,21.0,21.0,30,51,28,28,4.4100000000000006e+44,2
PG 1427+480,Woo2024,33.3,79.12016177940993,77.47782816206103,29.21907192885888,27.547994903245723,0.5486111111111112,0.22,2007.0,14.0,14.0,57,79,38,38,6.2600000000000006e+44,2
PG 1121+422,Hu2025,100.9,72.525857457875,69.23735483976171,33.40549555213295,26.483433393244255,0.6,0.225,899.0,14.0,14.0,41,39,284,284,5.2600000000000005e+44,2
PG 1440+356,Woo2024,50.6,60.08327554319919,62.394613476693735,26.15411642889515,21.93352214510795,0.5407407407407407,0.079,2015.0,15.0,15.0,62,73,70,70,3.61e+44,0
J1456+380,Woo2024,77.8,72.93833011524188,74.99981486760024,27.673968651113924,30.755333060975232,0.5407407407407407,0.283,2020.0,15.0,15.0,79,73,25,25,5.3200000000000004e+44,0
J1526+275,Woo2024,63.9,81.30190649671137,80.32179620958709,28.632752489782476,29.11546562000592,0.5486725663716814,0.231,2020.0,18.0,18.0,51,62,43,43,6.610000000000001e+44,0
J1540+355,Woo2024,57.9,53.19774431308154,52.19403911501872,24.578333458400813,17.021823176722137,0.5433070866141733,0.164,2019.0,16.0,16.0,81,69,37,37,2.8300000000000004e+44,0
PG 1545+210,Woo2024,60.3,133.97761006974258,129.8507166132094,33.83415465665945,42.251740562857734,0.543859649122807,0.264,2046.0,18.0,18.0,69,62,41,41,1.795e+45,2
PG 1612+261,Woo2024,63.7,71.55417527999327,69.61885922595768,23.60497293809034,23.475052672900688,0.5454545454545454,0.131,2042.0,17.0,17.0,32,66,56,56,5.12e+44,0
J1619+501,Woo2024,32.3,51.18593556827892,50.07553511870915,19.263788080680904,22.626037823599265,0.5328467153284672,0.234,2046.0,15.0,15.0,84,73,25,25,2.6200000000000004e+44,2
PG 2251+113,Woo2024,152.7,175.81240001774623,162.74422889456363,32.55744448728032,43.96733513866471,0.55,0.326,1693.0,17.0,17.0,28,55,59,59,3.091e+45,0
PG 2349-014,Woo2024,55.9,67.67569726275453,67.80882664120645,26.641225084820277,27.15100737638314,0.5420560747663551,0.174,1703.0,16.0,16.0,34,58,37,37,4.58e+44,0
PG 1307+085 ,Bentz2013,105.6,78.5235634610071,81.68120850110435,41.17850650043691,42.9261553641337,0.5227272727272727,0.155,2739.0,-1.0,63.47826086956522,23,23,45,45,6.165950018614809e+44,1
PG 1116+215,Hu2025,145.5,145.8423806717375,141.9355444921976,36.482810451544395,36.64328936842148,0.5460122699386503,0.1754,1625.0,10.0,10.0,96,89,359,359,2.1270000000000002e+45,0
PG 1426+015 ,Bentz2013,95.0,60.95368972401694,60.59955716020919,28.931914687877935,28.373788804979675,0.4473684210526316,0.086,2739.0,-1.0,73.0,20,17,69,69,3.715352290971728e+44,2
PG 1613+658 ,Bentz2013,40.1,71.61434102129027,70.09690814111053,24.283536438182622,30.18059533067494,0.5384615384615384,0.129,2739.0,-1.0,30.416666666666668,48,49,79,79,5.128613839913659e+44,2
PG 1617+175 ,Bentz2013,71.5,46.23810213992594,43.13029303760312,28.224294892185135,15.741426417328118,0.515625,0.114,2739.0,-1.0,42.94117647058823,34,33,69,69,2.1379620895022236e+44,2
PG 1700+518 ,Bentz2013,251.8,184.07720014689582,173.92317054836317,28.46927094507879,35.53400011250065,0.5285714285714286,0.292,2739.0,-1.0,39.45945945945946,37,37,200,200,3.3884415613920345e+45,2
PG 2130+099 ,Bentz2013,9.6,37.15352290971728,35.53805358038166,4.021464422018639,10.895163382295433,1.0,0.061,116.0,0.99,0.99,88,118,41,41,1.3803842646028867e+44,2
3C 120,Bentz2013,25.9,27.227013080779045,26.57653350246968,1.9105781934459856,4.1837926809560315,1.0,0.03301,128.0,0.99,0.99,84,130,40,40,7.413102413009131e+43,0
3C 390.3,Bentz2013,23.6,20.417379446695232,19.25637443141183,3.6375460316981822,4.0756771892661074,0.6565656565656566,0.0561,520.0,5.3,5.3,104,65,-1,100,4.1686938347033296e+43,0
3C 390.3,Bentz2013,46.4,51.88000389289609,11.550307075887236,17.250661823229898,21.609960517796143,1.0,0.0561,83.0,-1.0,3.32,25,25,-1,100,2.691534803926914e+44,3
Akn 120,Bentz2013,47.1,28.840315031266115,31.284486957564667,9.670159692627514,8.388221096337013,0.5305343511450382,0.03271,2027.0,-1.0,7.76595744680851,141,139,47,47,8.317637711026743e+43,2
F9,Bentz2013,17.4,28.840315031266115,28.058825391996717,1.5520913294226268,2.863661460542268,0.6923076923076923,0.04702,263.0,-1.0,4.066666666666666,45,45,70,70,8.317637711026743e+43,2
PG 1341+258,Hu2025,22.6,27.386127875258307,27.226420638356167,6.158036720346239,9.270574168884615,0.5922330097087378,0.0866,926.0,9.0,9.0,60,61,201,201,7.500000000000001e+43,0
Mrk 79,Bentz2013,9.0,19.275249131909366,19.66619468729853,5.443206345607578,3.7573668694136373,0.5691699604743083,0.02219,1266.0,-1.0,5.020979020979021,143,144,45,45,3.7153522909717277e+43,2
Mrk 79,Bentz2013,16.1,21.627185237270247,21.70407598273879,6.014272486527695,3.8554614554161972,0.5691699604743083,0.02219,1266.0,-1.0,5.020979020979021,143,144,54,54,4.677351412872e+43,0
Mrk 110,Bentz2013,24.3,20.417379446695232,19.614710326836406,8.144390517620163,3.226866760565869,0.5647058823529412,0.03529,1308.0,-1.0,7.6947368421052635,95,96,47,47,4.1686938347033296e+43,0
Mrk 110,Bentz2013,20.4,22.13094709605632,22.268525806552375,6.099708394990952,5.686991951024375,0.5647058823529412,0.03529,1308.0,-1.0,7.6947368421052635,95,96,49,49,4.897788193684437e+43,0
Mrk 110,Bentz2013,33.3,17.17908387157586,19.083874096911494,3.4260682368698276,5.418398750236243,0.5647058823529412,0.03529,1308.0,-1.0,7.6947368421052635,95,96,34,34,2.951209226666378e+43,2
Mrk 335,Bentz2013,16.8,22.387211385683468,21.204208653856426,4.741723816018556,6.562092839279099,0.5694444444444444,0.02579,962.0,-1.0,4.455284552845528,123,123,51,51,5.011872336272756e+43,0
Mrk 335,Bentz2013,12.5,24.547089156850337,24.269241302070654,5.202309879745272,6.558938458005926,0.5694444444444444,0.02579,962.0,-1.0,4.455284552845528,123,123,50,50,6.025595860743593e+43,2
Mrk 335,Bentz2013,14.3,21.87761623949552,21.28166489586867,1.9705044838541355,3.370980732959044,1.0,0.02579,128.0,1.0,1.0,85,128,28,28,4.78630092322638e+43,2
Mrk 590,Bentz2013,20.7,18.40772001468958,19.950507278364558,11.453483478004443,4.440242613219654,0.5421052631578948,0.02639,2032.0,-1.0,10.735294117647058,102,103,46,46,3.388441561392034e+43,0
Mrk 590,Bentz2013,14.0,10.83926914021204,11.530338786428713,7.839573384820886,3.944744265230307,0.5421052631578948,0.02639,2032.0,-1.0,10.735294117647058,102,103,43,43,1.1748975549395304e+43,0
PG 2308+098,Hu2025,149.6,183.22117781522954,174.75838759768538,24.92632477652529,35.789357116164894,0.5466666666666666,0.4329,1195.0,8.0,8.0,84,82,-1,100,3.3570000000000005e+45,0
Mrk 590,Bentz2013,29.2,14.45439770745928,15.826653144191237,11.576596645058817,4.3873066208432405,0.5421052631578948,0.02639,2032.0,-1.0,10.735294117647058,102,103,46,46,2.0892961308540408e+43,2
Mrk 590,Bentz2013,28.8,19.724227361148614,23.57422503445148,8.329889797943341,7.440135982708988,0.5421052631578948,0.02639,2032.0,-1.0,10.735294117647058,102,103,42,42,3.8904514499428365e+43,1
Mrk 817,Bentz2013,19.0,23.173946499684703,20.596753828273755,4.688981195892758,3.1647907446439234,0.8620689655172413,0.03146,211.0,-1.0,7.32,25,25,51,51,5.370317963702489e+43,0
Mrk 817,Bentz2013,15.3,20.183663636815595,17.552252157270736,2.7440182757747635,2.9887505536338743,0.8620689655172413,0.03146,211.0,-1.0,7.32,25,25,48,48,4.073802778041122e+43,0
Mrk 817,Bentz2013,33.6,20.183663636815595,17.60363076489332,2.684198426185521,2.8591827532780343,0.8620689655172413,0.03146,211.0,-1.0,7.32,25,25,46,46,4.073802778041122e+43,2
Mrk 817,Bentz2013,14.04,24.547089156850337,24.0704448513454,0.786274921501132,1.860286164439259,1.0,0.03146,116.0,0.56,0.56,88,208,99,99,6.025595860743593e+43,2
NGC 3227,Bentz2013,3.75,4.1686938347033635,4.0571859402353105,0.16940607131805674,0.3430364987730785,1.0,0.00386,84.0,0.45,0.45,75,187,107,107,1.7378008287493836e+42,0
NGC 3783,Bentz2013,10.2,5.956621435290085,6.106121291688368,0.7661044624465729,1.395363602812389,0.7666666666666667,0.00973,240.0,2.0,2.0,120,92,19,19,3.548133892335731e+42,2
NGC 4051,Bentz2013,1.87,3.019951720402019,2.92112197555572,0.16728501828318354,0.31455469856136986,1.0,0.00234,116.0,0.45,0.45,108,258,70,70,9.120108393559116e+41,2
NGC 4151,Bentz2013,6.58,3.5075187395256937,3.229747348084295,0.3592432171079447,0.39048316734952015,1.0,0.00332,41.0,1.0,1.0,34,41,44,44,1.2302687708123912e+42,2
PG 1352+183,Hu2025,50.7,48.785243670601865,47.73594092192752,11.832556419857475,11.718372953691855,0.6030534351145038,0.1507,914.0,7.0,7.0,75,79,185,185,2.38e+44,0
NGC 5548,Bentz2013,19.7,14.621771744567154,14.361351715628187,1.0810479697119089,1.8899489426473348,0.5013698630136987,0.01718,365.0,1.0,1.0,132,183,20,20,2.1379620895022237e+43,2
NGC 5548,Bentz2013,18.6,10.964781961431829,10.104931560064514,1.424857720777858,1.5661407974930146,0.5027322404371585,0.01718,365.0,2.0,2.0,94,92,21,21,1.2022644346174082e+43,2
NGC 5548,Bentz2013,15.9,13.963683610559363,13.104906023221053,2.100240812788435,1.3527350221581198,0.5,0.01718,365.0,3.0,3.0,65,61,25,25,1.9498445997580415e+43,0
NGC 5548,Bentz2013,11.0,10.115794542598962,9.347498487320781,1.400792645643179,1.4767164215873638,0.5027322404371585,0.01718,365.0,2.0,2.0,83,92,23,23,1.0232929922807495e+43,0
NGC 5548,Bentz2013,13.0,13.489628825916505,12.903075013664187,1.0358616417751279,1.9287110177212075,0.5013698630136987,0.01718,365.0,1.0,1.0,142,183,26,26,1.819700858609975e+43,0
NGC 5548,Bentz2013,13.4,14.45439770745928,14.020665102479844,1.0724016225726842,1.6220484439501028,0.5013698630136987,0.01718,365.0,1.0,1.0,128,183,23,23,2.0892961308540408e+43,0
NGC 5548,Bentz2013,21.7,16.98243652461746,16.178875360418903,1.483534240037212,1.7185389266356008,0.5,0.01718,365.0,2.1,2.1,78,87,39,39,2.8840315031266117e+43,2
NGC 5548,Bentz2013,16.4,15.310874616820257,14.776880714348835,1.0767867708450272,1.9251584496536491,0.5013698630136987,0.01718,365.0,1.0,1.0,144,183,26,26,2.3442288153199083e+43,0
NGC 5548,Bentz2013,17.5,12.30268770812381,11.901122884234516,0.8371785270195602,1.637240550399273,0.5030120481927711,0.01718,365.0,1.1,1.1,95,167,27,27,1.513561248436207e+43,2
NGC 5548,Bentz2013,26.5,18.1970085860999,17.583718217745705,1.1411428323534132,2.2447909360481706,0.5013698630136987,0.01718,365.0,1.0,1.0,119,183,25,25,3.311311214825935e+43,2
PG 2233+134,Hu2025,125.0,123.57184145265454,120.75729127836247,27.614264132371247,31.872926073473437,0.5479041916167665,0.3252,2002.0,6.0,6.0,171,183,210,210,1.527e+45,0
NGC 5548,Bentz2013,24.8,16.595869074375564,16.344450278848424,0.806224273576472,2.0438627846073167,0.5013698630136987,0.01718,365.0,1.0,1.0,86,183,27,27,2.754228703338152e+43,2
NGC 5548,Bentz2013,6.5,10.592537251772853,10.559541240605103,1.1298523611610474,2.146977911399407,0.5,0.01718,365.0,3.0,3.0,37,61,23,23,1.122018454301956e+43,2
NGC 5548,Bentz2013,14.3,10.592537251772853,10.371217884549988,1.237426001218493,2.2832087918960973,0.5043478260869565,0.01718,365.0,3.2,3.2,45,58,21,21,1.122018454301956e+43,2
NGC 5548,Bentz2013,6.3,8.91250938133744,8.524327159807246,1.2548604399417744,2.1611514442392536,1.0,0.01718,40.0,1.0,1.0,28,40,27,27,7.94328234724279e+42,0
NGC 5548,Bentz2013,4.18,9.440608762859265,9.421686184696895,0.4082629455941742,1.113972605725019,1.0,0.01718,68.0,1.01,1.01,51,68,47,47,8.912509381337514e+42,2
NGC 5548,Bentz2013,12.4,9.225714271547629,9.199102827087543,0.20131399299101638,1.0547803189192315,1.0,0.01718,117.0,0.48,0.48,108,244,79,79,8.511380382023759e+42,2
NGC 7469,Bentz2013,23.2,19.054607179632523,18.76472839483322,1.1905831012747754,3.0390410749614833,1.0,0.01632,120.0,1.0,1.0,73,120,33,33,3.6307805477010323e+43,0
Mrk 142,Bentz2013,2.74,18.620871366628656,18.170016266524293,1.4910226014373968,3.420877475556937,1.0,0.04494,68.0,1.02,1.02,51,67,46,46,3.4673685045253096e+43,2
NGC 3516,Bentz2013,11.68,7.328245331389015,7.222778401759862,0.3645403137678125,0.6514304023009494,1.0,0.00884,116.0,0.54,0.54,93,215,85,85,5.3703179637024885e+42,2
Z 291-51,Bentz2013,2.31,3.4276778654645046,3.3619805397078135,0.11001500956680088,0.684203642883348,1.0,0.02787,68.0,1.0,1.0,50,68,23,23,1.1748975549395304e+42,2
RM017,Shen2024,81.00733950315085,58.93719916830837,59.6219065588715,20.325111501693158,23.142390552058224,0.5303030303030303,0.4565020752060682,2368.987,11.969000000000051,11.969000000000051,90,105,23,23,3.4735934458048495e+44,2
Arp 151,Bentz2013,3.99,5.495408738576225,5.385136802004079,0.4583424255838908,0.7782430722376583,1.0,0.02109,68.0,1.02,1.02,43,67,23,23,3.0199517204019945e+42,0
Mrk 1310,Bentz2013,3.66,4.1209751909732875,3.8900441856855927,0.3948934938050668,0.42394176454567356,1.0,0.01956,68.0,1.01,1.01,47,68,26,26,1.698243652461732e+42,0
Mrk 202,Bentz2013,3.05,3.9810717055349856,3.8918689091754985,0.3740513635292202,0.4019163232136629,1.0,0.02102,68.0,1.01,1.01,46,68,32,32,1.584893192461124e+42,0
NGC 4253,Bentz2013,6.16,5.688529308438402,5.495688735966496,0.3795014925695712,0.7217408027645744,1.0,0.01293,68.0,1.01,1.01,50,68,50,50,3.2359365692962677e+42,0
NGC 4593,Bentz2013,3.73,8.609937521845982,8.505396613542102,0.3966578309290636,1.0474787935549141,0.973404255319149,0.009,188.0,1.0,1.0,25,183,50,50,7.413102413009131e+42,2
NGC 4748,Bentz2013,5.55,5.5590425727040484,5.444502305546799,0.36539456326361375,0.6983316456596818,1.0,0.01463,68.0,1.0,1.0,45,68,58,58,3.090295432513605e+42,0
Mrk 279,Bentz2013,16.7,20.892961308540407,26.296629288353632,125.46352404271529,13.688463538275018,0.53125,0.03045,374.0,-1.0,11.9375,16,17,14,14,4.365158322401665e+43,2
Mrk 290,Bentz2013,8.72,11.350108156723143,11.13907542636911,0.543891602854977,1.1607749011240802,1.0,0.02958,117.0,0.52,0.52,100,225,74,74,1.2882495516931324e+43,0
NGC 6814,Bentz2013,6.64,3.3496543915782655,3.1705703227994118,0.37256237560187255,0.41033132139829354,1.0,0.00521,68.0,1.01,1.01,45,68,27,27,1.122018454301956e+42,2
PG 0804+761 ,Hu2021,72.9,90.77444574328173,88.26352140546791,36.22500072173878,35.28298258725287,0.5343137254901961,0.1,1019.0,5.0,5.0,149,109,423,423,8.24e+44,0
RM018,Shen2024,46.76148889879819,60.02855665807742,60.21554071661537,23.75218251692754,28.279566547753284,0.5303030303030303,0.8482711283663913,2368.987,11.969000000000051,11.969000000000051,90,105,11,11,3.603427614452012e+44,0
PG 1322+65,Hu2021,30.3,71.2039324756716,68.75180441035187,22.345732876112308,23.63554309055479,0.5596330275229358,0.168,974.0,9.0,9.0,87,61,292,292,5.070000000000001e+44,2
PG 1404+226 ,Hu2021,21.4,35.77708763999664,35.92668238377826,10.474196297742957,12.399516645811719,0.5044642857142857,0.098,1120.0,5.0,5.0,92,113,175,175,1.28e+44,2
PG 1617+175 ,Hu2021,34.3,54.40588203494178,53.03599506384346,1.8424006047532089,3.5226711434592204,1.0,0.114,172.0,5.0,5.0,34,35,245,245,2.96e+44,2
Mrk 335,Hu2021,17.0,16.431676725154983,16.371270540975267,1.0492321021560436,2.0824976468285623,0.9104477611940298,0.02579,200.0,3.0,3.0,44,61,345,345,2.7e+43,0
PG 1440+356,Hu2021,34.5,45.49725266430931,44.67234935869244,14.729285926172103,14.900855799582722,0.533678756476684,0.079,1157.0,6.0,6.0,109,103,314,314,2.07e+44,0
PG 0838+770,Hu2021,43.1,33.91164991562635,33.84954349102057,6.208846451702229,10.779974180400501,0.5705521472392638,0.1316,976.0,6.0,6.0,102,93,181,181,1.15e+44,0
PG 1115+407,Hu2021,54.4,49.295030175464944,47.51941050699356,7.690480011321021,18.32784057670915,0.6391752577319587,0.1542,579.0,6.0,6.0,62,62,201,201,2.4300000000000005e+44,0
[HSN2016] J211.31+25.92,Hu2021,95.9,74.09453421137081,71.29505790340995,28.112605115110256,42.83587678384708,0.5873015873015873,0.1643,438.0,7.0,7.0,41,37,280,280,5.490000000000001e+44,2
PG 1415+451,Hu2021,30.0,41.231056256176615,40.854829190554014,12.395595942937803,13.937887198689182,0.5185185185185185,0.1132,1130.0,7.0,7.0,93,84,201,201,1.7000000000000001e+44,0
PG 1448+273,Hu2021,30.1,41.47288270665543,40.673008483916625,8.697014436981426,12.549334029062777,0.5705521472392638,0.0646,975.0,6.0,6.0,94,93,222,222,1.7200000000000002e+44,0
DES J034028.46-292902.41,McDougall2025,16.0,69.98419960022717,62.81949218254301,35.24899959124826,20.820289619146834,0.5277777777777778,0.31,2150.0,-1.0,60.833333333333336,18,19,-1,100,4.897788193684436e+44,2
RM029,Shen2024,10.706741892819208,31.698934456175373,32.218034777867736,15.759123254455183,14.967340388402356,0.5303030303030303,0.815814553393883,2368.987,11.969000000000051,11.969000000000051,90,105,11,11,1.0048224456569024e+44,2
PG 1519+226,Hu2021,73.1,55.67764362830022,54.18618497154725,12.150580998748637,23.01274724333507,0.584,0.1351,871.0,7.0,7.0,79,73,311,311,3.1000000000000004e+44,2
PG 1535+547,Hu2021,25.9,26.45751311064591,26.50820052097366,0.10683426076867875,2.7363495575832317,0.9387755102040817,0.0385,194.0,4.0,4.0,36,46,408,408,7e+43,0
PG 1552+085,Hu2021,25.0,44.158804331639224,43.24865905161965,9.403854840288986,12.382915615071735,0.5873015873015873,0.1187,878.0,7.0,7.0,66,74,223,223,1.95e+44,2
PG 1626+554,Hu2021,77.1,63.560994328282796,60.538274728075514,9.86490232380411,31.937014013215553,0.6372549019607843,0.1316,507.0,5.0,5.0,67,65,-1,100,4.0400000000000005e+44,0
RM016,Grier2017,32.0,79.43282347242788,19.957296513734057,19.177066575452685,35.88950889289219,1.0,0.8497638180216529,176.98000000000047,4.037100000000464,4.037100000000464,32,44,16,16,6.309573444801891e+44,3
RM017,Grier2017,25.5,28.183829312644487,27.25784452706541,3.508888155869567,6.5417872771309895,1.0,0.4565020752060682,176.98000000000047,4.037100000000464,4.037100000000464,32,44,28,28,7.943282347242789e+43,0
RM021,Grier2017,43.9,56.23413251903491,20.512247148291042,15.9318424452746,33.45686913507665,1.0,1.027185500417937,176.98000000000047,4.037100000000464,4.037100000000464,32,44,6,6,3.1622776601683794e+44,3
RM033,Grier2017,26.5,35.481338923357605,31.741020058641936,8.509781533818803,29.115632468289963,1.0,0.7150925219095368,176.98000000000047,4.037100000000464,4.037100000000464,32,44,19,19,1.2589254117941713e+44,0
RM101,Grier2017,21.4,50.11872336272715,47.42377437688003,3.250376147535029,16.59951870178394,1.0,0.457769277152676,176.98000000000047,4.037100000000464,4.037100000000464,32,44,92,92,2.5118864315095717e+44,2
RM160,Grier2017,21.9,25.118864315095717,24.654796544720163,2.2071895099968515,3.418274916944707,1.0,0.3598248558032997,176.98000000000047,4.037100000000464,4.037100000000464,32,44,49,49,6.309573444801891e+43,0
RM033,Shen2024,30.725889005384964,49.43163669681485,49.52064972206291,14.656839227417095,17.46261686301439,0.5392670157068062,0.7150925219095368,2368.987,12.427499999999782,12.427499999999782,89,103,47,47,2.443486706525892e+44,2
RM177,Grier2017,10.1,31.62277660168379,30.32154683796953,4.313670155637478,5.4880946715634735,1.0,0.48202777388913387,176.98000000000047,4.037100000000464,4.037100000000464,32,44,38,38,1e+44,2
RM191,Grier2017,8.5,19.95262314968883,18.72331545080597,6.765946442534158,10.259404335744742,1.0,0.4418876212683127,176.98000000000047,4.037100000000464,4.037100000000464,32,44,13,13,3.9810717055349854e+43,2
RM215,Grier2017,32.9,39.810717055349855,28.07361693961912,12.837059642864169,34.25278232934314,1.0,0.8848040766215153,176.98000000000047,4.037100000000464,4.037100000000464,32,44,11,11,1.5848931924611238e+44,3
RM229,Grier2017,16.2,19.95262314968883,19.40932275525628,6.684065616735449,8.487842162464261,1.0,0.4698148608852726,176.98000000000047,4.037100000000464,4.037100000000464,32,44,15,15,3.9810717055349854e+43,0
RM265,Grier2017,8.5,39.810717055349855,30.53228453572864,12.025485343799946,34.97015920520789,1.0,0.7359680784294624,176.98000000000047,4.037100000000464,4.037100000000464,32,44,10,10,1.5848931924611238e+44,3
RM267,Grier2017,20.4,35.481338923357605,33.4382312821984,5.967888578534172,13.266633080517483,1.0,0.5878838493487144,176.98000000000047,4.054450000000088,4.054450000000088,31,44,31,31,1.2589254117941713e+44,2
RM272,Grier2017,15.1,28.183829312644495,27.76193887775058,2.521566789001522,4.970672024502534,1.0,0.26289998777232126,176.98000000000047,4.037100000000464,4.037100000000464,32,44,42,42,7.943282347242789e+43,2
RM300,Grier2017,30.4,56.2341325190349,31.148079174547373,15.696669820244349,44.191621044913305,1.0,0.646045963627256,176.98000000000047,4.037100000000464,4.037100000000464,32,44,19,19,3.1622776601683794e+44,3
RM301,Grier2017,12.8,35.481338923357605,34.07659515732603,7.383629411019513,19.669061122094885,1.0,0.5482282276159136,176.98000000000047,4.037100000000464,4.037100000000464,32,44,23,23,1.2589254117941713e+44,2
RM305,Grier2017,53.5,39.810717055349855,36.74873608890252,7.39401616256211,20.169517784582016,1.0,0.5273078039163455,176.98000000000047,4.037100000000464,4.037100000000464,32,44,32,32,1.5848931924611238e+44,2
RM078,Shen2024,52.83658053130658,50.44320175519171,49.7515276839463,20.02414739957765,16.6486719316159,0.5303030303030303,0.58246467805313,2368.987,11.969000000000051,11.969000000000051,90,105,40,40,2.544516603314976e+44,0
RM316,Grier2017,11.9,100.0,19.96565941465965,22.14116597473419,36.50792358586051,1.0,0.6778574339590024,176.98000000000047,4.037100000000464,4.037100000000464,32,44,66,66,1e+45,3
RM320,Grier2017,25.2,15.84893192461111,15.281723477685638,2.286543957748613,3.785002331578978,1.0,0.26508822214666483,176.98000000000047,4.037100000000464,4.037100000000464,32,44,21,21,2.511886431509572e+43,2
RM338,Grier2017,10.7,15.84893192461111,15.394579238049516,10.148561311483348,9.933644113162861,1.0,0.41804097776317906,153.01810000000023,4.069800000000214,4.069800000000214,28,38,10,10,2.511886431509572e+43,2
RM371,Grier2017,13.0,35.481338923357605,33.63262738410411,4.523410652386822,13.702217653684553,1.0,0.472628958408448,176.98000000000047,4.037100000000464,4.037100000000464,32,44,31,31,1.2589254117941713e+44,2
RM373,Grier2017,20.4,89.1250938133744,15.784504141926304,17.29808673087814,29.406747442492847,1.0,0.8821965981869526,153.01810000000023,4.069800000000214,4.069800000000214,28,38,8,8,7.943282347242789e+44,3
RM377,Grier2017,5.9,15.848931924611108,15.396281385851717,2.483654517830603,4.615406176293547,1.0,0.3372364790113169,176.98000000000047,4.037100000000464,4.037100000000464,32,44,16,16,2.511886431509572e+43,2
RM392,Grier2017,14.2,44.66835921509617,25.270261150259316,14.810296651420607,34.25005825336793,1.0,0.8432610236006237,176.98000000000047,4.037100000000464,4.037100000000464,32,44,7,7,1.9952623149688665e+44,3
RM399,Grier2017,35.8,31.622776601683793,29.87087974029582,10.040631845477584,21.10781593879409,1.0,0.6083051593287208,176.98000000000047,4.037100000000464,4.037100000000464,32,44,15,15,1e+44,0
RM428,Grier2017,15.8,158.48931924611108,16.968378571106257,18.709190490711812,33.48199625114776,1.0,0.9802147920334783,176.98000000000047,4.037100000000464,4.037100000000464,32,44,33,33,2.511886431509572e+45,3
RM457,Grier2017,15.6,15.84893192461111,17.870744297742764,23.18912741815966,24.16325989553951,1.0,0.6039292780672678,176.98000000000047,4.037100000000464,4.037100000000464,32,44,4,4,2.511886431509572e+43,0
RM088,Shen2024,60.69249450156923,46.23013960386272,47.8372445116766,15.750154275228518,17.15499900874099,0.5303030303030303,0.5174974890088131,2368.987,11.969000000000051,11.969000000000051,90,105,40,40,2.1372258077926366e+44,1
RM519,Grier2017,12.5,12.589254117941714,14.289381950027353,24.941466676411373,19.75650862025951,1.0,0.5538845611135792,176.98000000000047,4.037100000000464,4.037100000000464,32,44,4,4,1.5848931924611238e+43,0
RM551,Grier2017,6.4,31.622776601683793,29.539571690194673,7.660221283874922,19.89051902611383,1.0,0.6805650725273389,176.98000000000047,4.037100000000464,4.037100000000464,32,44,19,19,1e+44,2
RM589,Grier2017,46.0,50.118723362727145,27.43748055140514,16.600828568917397,39.681672822990166,1.0,0.7509439290534714,176.98000000000047,4.037100000000464,4.037100000000464,32,44,13,13,2.5118864315095717e+44,3
RM601,Grier2017,11.6,35.481338923357605,31.78636068634242,10.778383652797729,28.08073968125478,1.0,0.6598067507959409,176.98000000000047,4.037100000000464,4.037100000000464,32,44,14,14,1.2589254117941713e+44,2
RM622,Grier2017,49.1,44.66835921509617,40.96690637488168,5.92441553594049,20.675351781897337,1.0,0.5717420690394253,176.98000000000047,4.037100000000464,4.037100000000464,32,44,41,41,1.9952623149688665e+44,0
RM634,Grier2017,17.6,31.622776601683793,25.191468799939255,16.546592966516048,35.219140846517014,1.0,0.6506433320833223,176.98000000000047,4.037100000000464,4.037100000000464,32,44,6,6,1e+44,2
RM645,Grier2017,20.7,35.481338923357605,33.839637394091554,4.272669105313739,8.851383542089579,1.0,0.47389429406369743,176.98000000000047,4.037100000000464,4.037100000000464,32,44,33,33,1.2589254117941713e+44,2
RM694,Grier2017,10.4,39.810717055349855,36.61801271626673,7.378592196118994,20.732350802151444,1.0,0.5323811947368715,176.98000000000047,4.037100000000464,4.037100000000464,32,44,33,33,1.5848931924611238e+44,2
RM707,Grier2017,36.3,35.481338923357605,22.746467470754233,15.498483574539087,34.89919850016216,1.0,0.8906614442796346,176.98000000000047,4.031000000000404,4.031000000000404,31,44,4,4,1.2589254117941713e+44,3
RM720,Grier2017,41.6,44.66835921509617,37.13862112232071,12.21554792154199,36.866314805276836,1.0,0.46749794023049174,176.98000000000047,4.037100000000464,4.037100000000464,32,44,16,16,1.9952623149688665e+44,0
RM101,Shen2024,61.598898549237816,53.169601870814425,53.33313311227087,19.040129288509107,20.097552720213756,0.5303030303030303,0.457769277152676,2368.987,11.969000000000051,11.969000000000051,90,105,174,174,2.8270065631009116e+44,0
RM772,Grier2017,3.9,15.84893192461111,16.17900968082331,4.212782872140696,8.731322572452502,1.0,0.24913742425846896,176.98000000000047,4.037100000000464,4.037100000000464,32,44,12,12,2.511886431509572e+43,2
RM775,Grier2017,16.3,17.78279410038923,17.49941347612364,5.683774958406854,8.342947730679056,1.0,0.17301324621834557,176.98000000000047,4.037100000000464,4.037100000000464,32,44,12,12,3.1622776601683794e+43,0
RM776,Grier2017,10.5,11.220184543019652,11.131672594606563,1.3923905171918154,2.660287535299819,1.0,0.11639645572162793,176.98000000000047,4.037100000000464,4.037100000000464,32,44,27,27,1.2589254117941712e+43,0
RM779,Grier2017,11.8,11.220184543019652,10.862037121477847,1.3851086235262215,1.4743723240781268,1.0,0.15227301753746558,176.98000000000047,4.037100000000464,4.037100000000464,32,44,25,25,1.2589254117941712e+43,0
RM781,Grier2017,75.2,19.95262314968883,18.94869253421681,2.435815183835711,2.5111627869491464,1.0,0.2638772759415038,176.98000000000047,4.037100000000464,4.037100000000464,32,44,32,32,3.9810717055349854e+43,2
RM782,Grier2017,20.0,28.18382931264449,27.05955507135921,3.57010849527245,7.40390741932319,1.0,0.36267831988803834,176.98000000000047,4.037100000000464,4.037100000000464,32,44,28,28,7.943282347242789e+43,0
RM790,Grier2017,5.5,14.125375446227498,14.02541758657257,1.296854472858426,2.478000548403685,1.0,0.23782369305781081,176.98000000000047,4.037100000000464,4.037100000000464,32,44,31,31,1.9952623149688666e+43,2
RM840,Grier2017,5.0,12.589254117941714,12.587163786942437,1.3236862057922192,2.4133940518038326,1.0,0.24392490941582157,176.98000000000047,4.037100000000464,4.037100000000464,32,44,28,28,1.5848931924611238e+43,2
RM118,Shen2024,95.89292490463906,77.38747603483455,76.49620346019263,19.237456617352947,21.470213283923712,0.5303030303030303,0.7150686750217163,2368.987,11.969000000000051,11.969000000000051,90,105,59,59,5.9888214470420934e+44,0
RM121,Shen2024,147.82791857667502,65.67454690217399,62.84147536237085,90.91980442153582,69.52187743028351,0.5303030303030303,0.9673064312987874,2368.987,11.969000000000051,11.969000000000051,90,105,5,5,4.313146110805851e+44,2
RM122,Shen2024,61.26854824124223,64.31197953294814,61.139575535301155,45.70140366104638,54.092368754424534,0.5303030303030303,0.9861806798516877,2368.987,11.969000000000051,11.969000000000051,90,105,6,6,4.136030711446342e+44,0
RM126,Shen2024,68.52217047741014,22.03362250896293,26.63691543050199,8.134661020070038,7.640811679194609,0.5392670157068062,0.1923340469845558,2368.987,12.427499999999782,12.427499999999782,89,103,50,50,4.854805208674782e+43,2
RM134,Shen2024,97.89869496605642,87.07934097268426,83.36904434789535,21.799304423964912,27.17846564957351,0.5303030303030303,0.963759854451544,2368.987,11.969000000000051,11.969000000000051,90,105,25,25,7.582811624237009e+44,0
DES J022249.67-051453.01,McDougall2025,60.0,43.651583224016655,42.22840500049678,19.75308404600841,18.386822148826365,0.5277777777777778,0.314,2150.0,-1.0,60.833333333333336,18,19,-1,100,1.9054607179632523e+44,2
RM160,Shen2024,51.32153546297718,26.07299504078568,28.79632866223995,7.15260988662822,9.822512796738316,0.5303030303030303,0.3598248558032997,2368.987,11.969000000000051,11.969000000000051,90,105,61,61,6.79801070396835e+43,2
RM177,Shen2024,14.660093339419076,37.62629206440514,39.258660466133,14.08214098729254,14.48741263641443,0.5303030303030303,0.48202777388913387,2368.987,11.969000000000051,11.969000000000051,90,105,47,47,1.4157378545159166e+44,2
RM191,Shen2024,9.921118278062657,28.8714285895977,30.588659303603222,10.670512877469648,12.714674588501296,0.5303030303030303,0.4418876212683127,2368.987,11.969000000000051,11.969000000000051,90,105,19,19,8.335593888042396e+43,2
RM193,Shen2024,246.4909295521571,55.92958456868447,54.03930136437464,56.491695205103596,58.226147038288296,0.5303030303030303,1.0026448436028468,2368.987,11.969000000000051,11.969000000000051,90,105,5,5,3.1281184300256292e+44,2
RM229,Shen2024,9.60085851839089,27.61184968857277,29.551664501702273,10.082191238205983,12.022673462905374,0.5303030303030303,0.4698148608852726,2368.987,11.969000000000051,11.969000000000051,90,105,24,24,7.624142432243366e+43,2
RM235,Shen2024,11.845130177486544,59.4670594106593,59.63875532224371,20.558275054059806,20.124332497950554,0.5303030303030303,0.7852949305476697,2368.987,11.969000000000051,11.969000000000051,88,105,24,24,3.5363311549508837e+44,2
RM260,Shen2024,81.03131510311485,87.51665931896657,82.08129998061709,23.603633496000896,25.1186826190117,0.5303030303030303,0.9954424860519928,2368.987,11.969000000000051,11.969000000000051,90,105,30,30,7.659165658352061e+44,0
RM265,Shen2024,17.770662188546467,51.087679885779245,50.47056636456802,18.058446808922817,18.249760416897026,0.5303030303030303,0.7359680784294624,2368.987,11.969000000000051,11.969000000000051,90,105,30,30,2.609951036111854e+44,2
RM267,Shen2024,25.920073318196295,49.541690763908676,49.743144071208064,16.888682380631238,16.1625359553121,0.5392670157068062,0.5878838493487144,2368.987,12.427499999999782,12.427499999999782,89,103,50,50,2.4543791237467552e+44,2
RM272,Shen2024,15.071612594713043,32.793049016869375,34.973618096872606,10.733046749492715,13.841170729328827,0.5303030303030303,0.26289998777232126,2368.987,11.969000000000051,11.969000000000051,90,105,119,119,1.0753840638227975e+44,2
DES J003954.13-440509.97,McDougall2025,39.0,39.35500754557764,40.98853355416081,18.342596082192983,17.6722500817549,0.5277777777777778,0.332,2150.0,-1.0,60.833333333333336,18,19,-1,100,1.5488166189124732e+44,0
RM291,Shen2024,81.21285118378441,31.296891653280525,32.1128237123435,12.566249418734998,11.910397288796364,0.5303030303030303,0.5315799206025686,2368.987,11.969000000000051,11.969000000000051,90,105,29,29,9.794954271571808e+43,2
RM300,Shen2024,20.70524398940508,63.22838239663999,64.36511952060329,19.90816564928251,22.176799793785527,0.5303030303030303,0.646045963627256,2368.987,11.969000000000051,11.969000000000051,90,105,33,33,3.997828340495733e+44,2
RM303,Shen2024,13.443954949592449,48.84353095514494,47.9633390194555,20.73877040472297,20.00774879301672,0.5303030303030303,0.8205757619064771,2368.987,11.969000000000051,11.969000000000051,90,105,12,12,2.3856905161662025e+44,2
RM305,Shen2024,86.23513576468916,47.19520687909808,47.61067279089549,15.354963346789312,17.233613501180226,0.5303030303030303,0.5273078039163455,2368.987,11.969000000000051,11.969000000000051,90,105,57,57,2.227387552360866e+44,2
RM316,Shen2024,45.26727507316804,110.69191030784415,106.64380046829557,21.89164844722221,25.149076137727832,0.5303030303030303,0.6778574339590024,2368.987,11.969000000000051,11.969000000000051,90,105,159,159,1.2252699007599827e+45,2
RM320,Shen2024,16.54620517372288,22.700755036760075,24.57840213861993,10.308938937264244,7.915947958636085,0.5303030303030303,0.26508822214666483,2368.987,11.969000000000051,11.969000000000051,90,105,37,37,5.153242792389878e+43,2
RM329,Shen2024,105.08261281103186,131.07241880422723,125.58144759247499,22.463466868039504,26.22276543456985,0.5303030303030303,0.7209822020860404,2368.987,11.969000000000051,11.969000000000051,90,105,121,121,1.7179978971190747e+45,0
RM336,Shen2024,30.155588033304035,50.34208302991361,49.65888296219937,21.175201592595954,23.10922879602658,0.5303030303030303,0.8486518880630152,2368.987,11.969000000000051,11.969000000000051,90,105,11,11,2.534325323790717e+44,2
RM369,Shen2024,7.82900813745999,48.09081538171949,48.08506183271452,18.69974872686982,18.29907607987032,0.5303030303030303,0.7183105445963491,2368.987,11.969000000000051,11.969000000000051,90,105,18,18,2.312726524078628e+44,2
RM371,Shen2024,21.277778224942857,36.97182028294356,37.13480768604196,12.650969916694038,12.079556396439166,0.5303030303030303,0.472628958408448,2368.987,11.969000000000051,11.969000000000051,90,105,55,55,1.366915495034277e+44,2
DES J022330.16-054758.06,McDougall2025,38.9,28.840315031266115,23.347532918959516,18.503654007477436,17.282935812760986,0.5277777777777778,0.354,2150.0,-1.0,60.833333333333336,18,19,-1,100,8.317637711026743e+43,2
RM373,Shen2024,40.64650581109027,89.27534765187322,84.67693360324354,22.64396365477566,24.662649075809185,0.5303030303030303,0.8821965981869526,2368.987,11.969000000000051,11.969000000000051,78,105,30,30,7.970087698362828e+44,2
RM375,Shen2024,55.5578255812822,63.885291853600286,64.21697317063932,19.765223262398138,22.047904634154058,0.5303030303030303,0.6471831836135906,2368.987,11.969000000000051,11.969000000000051,90,105,49,49,4.0813305152196876e+44,0
RM377,Shen2024,24.57760201344744,25.03464296925423,26.29952686237292,13.489816714483517,10.74291320384986,0.5303030303030303,0.3372364790113169,2368.987,11.969000000000051,11.969000000000051,90,105,12,12,6.267333485980306e+43,0
RM382,Shen2024,90.90149703239922,38.51212656097405,39.55078646440779,13.000811017737732,14.943852420958997,0.5303030303030303,0.836599018388247,2368.987,11.969000000000051,11.969000000000051,90,105,0,100,1.483183892248484e+44,2
RM392,Shen2024,8.119570529021422,51.49623935066338,52.38812945561896,21.134625262967766,24.608661511779815,0.5303030303030303,0.8432610236006237,2368.987,11.969000000000051,11.969000000000051,90,105,11,11,2.6518626672608115e+44,2
RM399,Shen2024,23.227577527308995,46.532676481724295,47.53015810057005,18.266409118166735,20.1377205461038,0.5340314136125655,0.6083051593287208,2368.987,12.422499999999673,12.422499999999673,87,102,18,18,2.165289980552818e+44,2
RM428,Shen2024,70.27421259459396,155.84000981989843,150.46760394491506,17.115581326118928,22.382684432840676,0.5303030303030303,0.9802147920334783,2368.987,11.969000000000051,11.969000000000051,90,105,48,48,2.4286108660666028e+45,2
RM440,Shen2024,39.5932850271444,74.66390313906899,73.98736908344908,19.669584501761634,22.369271605411363,0.5303030303030303,0.7542060612297368,2368.987,11.969000000000051,11.969000000000051,90,105,67,67,5.574698431960277e+44,2
RM457,Shen2024,11.200402200266646,25.248003265605245,26.85760748868698,14.56679339996495,14.266339411080207,0.5303030303030303,0.6039292780672678,2368.987,11.969000000000051,11.969000000000051,90,105,8,8,6.374616689000132e+43,2
RM460,Shen2024,185.40621847793724,89.14579238047567,84.70294559604888,20.81822814943061,24.61142856419294,0.5303030303030303,0.9900118470566166,2368.987,11.969000000000051,11.969000000000051,90,105,26,26,7.946972299142873e+44,2
DES J002904.43-425243.04,McDougall2025,19.0,66.83439175686135,63.60697073714599,29.178580289190357,28.519103132581712,0.5277777777777778,0.644,2150.0,-1.0,60.833333333333336,18,19,-1,100,4.466835921509617e+44,2
RM478,Shen2024,158.096919739216,73.18094079460445,68.80185561431976,31.2031564592248,41.73540963293415,0.5303030303030303,0.9560129604898968,2368.987,11.969000000000051,11.969000000000051,90,105,9,9,5.355450095583403e+44,2
RM497,Shen2024,49.718169656830746,55.39099600356003,55.61353732789244,20.311410259464132,19.201692029529262,0.5303030303030303,0.511371791818013,2368.987,11.969000000000051,11.969000000000051,90,105,86,86,3.068162438266404e+44,0
RM510,Shen2024,17.033084508485782,40.936875423494264,42.49528481674776,13.830486866376212,15.641077388191388,0.5303030303030303,0.7100800094300692,2368.987,11.969000000000051,11.969000000000051,90,105,50,50,1.6758277694386888e+44,2
RM515,Shen2024,4.040952405701045,64.10477932862302,64.46079340378925,21.35533953196652,22.478193112442284,0.5326633165829145,0.8056095926598181,2368.987,11.963999999999942,11.963999999999942,85,106,28,28,4.109422732771453e+44,2
RM519,Shen2024,17.553693270702013,18.437766338219138,19.616784406922747,11.524305690532618,9.065997788345113,0.5303030303030303,0.5538845611135792,2368.987,11.969000000000051,11.969000000000051,90,105,9,9,3.399512275427667e+43,0
RM548,Shen2024,19.135077771330923,45.40317123109995,45.26770093824344,18.401277456280212,15.875988992132385,0.5303030303030303,0.7308230858779445,2368.987,11.969000000000051,11.969000000000051,90,105,16,16,2.0614479578405818e+44,2
RM551,Shen2024,25.428593165578203,39.12642521051143,39.10249127645265,13.583409726405094,14.976063216715271,0.5303030303030303,0.6805650725273389,2368.987,11.969000000000051,11.969000000000051,90,105,42,42,1.5308771497537436e+44,2
RM589,Shen2024,43.722288128759956,54.431149935746305,53.135297026292896,20.425374921094324,19.05988988581413,0.5303030303030303,0.7509439290534714,2368.987,11.969000000000051,11.969000000000051,90,105,23,23,2.962750083327695e+44,0
RM601,Shen2024,42.19011355939692,41.37206510080538,41.31895467334557,16.84905758930897,16.42002131261985,0.5303030303030303,0.6598067507959409,2368.987,11.969000000000051,11.969000000000051,86,105,20,20,1.7116477707052792e+44,0
RM618,Shen2024,11.744555192992284,37.27436808550539,36.48961927476982,26.12583812716786,21.984584916147966,0.5303030303030303,0.7560666592178671,2368.987,11.969000000000051,11.969000000000051,90,105,6,6,1.3893785161737425e+44,2
DES J022617.85-043108.99,McDougall2025,36.0,73.28245331389014,74.59059359527235,27.53420415706725,38.86843796791157,0.5277777777777778,0.707,2150.0,-1.0,60.833333333333336,18,19,-1,100,5.370317963702489e+44,2
RM622,Shen2024,27.11044213001658,51.998458235030476,52.528295832341655,17.956033332437357,17.862100178693716,0.5303030303030303,0.5717420690394253,2368.987,11.969000000000051,11.969000000000051,90,105,43,43,2.703839658820208e+44,2
RM638,Shen2024,23.157925452553584,48.68349954828125,48.714439351120454,20.12331424180619,19.486881529526613,0.5392670157068062,0.6767145805767933,2368.987,12.427499999999782,12.427499999999782,89,103,16,16,2.3700831282675012e+44,2
RM645,Shen2024,20.10375370603501,38.29382669228322,38.44665637156051,20.13793845082443,17.375434457674945,0.5303030303030303,0.47389429406369743,2368.987,11.969000000000051,11.969000000000051,90,105,14,14,1.466417162738622e+44,2
RM694,Shen2024,18.088921957236458,41.66894576091512,41.547972008136966,15.390907516294988,12.71496200586002,0.5303030303030303,0.5323811947368715,2368.987,11.969000000000051,11.969000000000051,88,105,44,44,1.7363010408260869e+44,2
RM701,Shen2024,75.10684990770372,53.38160891279915,51.819110476260335,47.949332357872024,51.84395188528157,0.5303030303030303,0.6833234662373562,2368.987,11.969000000000051,11.969000000000051,90,105,5,5,2.8495961701190378e+44,2
RM707,Shen2024,13.84931113712869,43.1381521979063,43.20887531279325,22.709757760282088,22.157538350556305,0.5392670157068062,0.8906614442796346,2368.987,12.427499999999782,12.427499999999782,89,103,9,9,1.8609001750497277e+44,2
RM733,Shen2024,24.498385946080848,33.09200995334386,34.32261127072882,12.382079078924292,12.798806314382354,0.5326633165829145,0.4547432915907932,2368.987,11.958999999999833,11.958999999999833,88,106,39,39,1.0950811227522096e+44,0
RM736,Shen2024,80.85824731695647,81.60049591542383,80.47601467515796,21.24136749660815,26.645259551887456,0.5326633165829145,0.5834873237068587,2368.987,11.963999999999942,11.963999999999942,89,106,85,85,6.658640933643101e+44,0
RM746,Shen2024,15.861287823011057,61.79867400740599,61.3199117148321,21.268632213763766,21.25760045317552,0.5303030303030303,0.6828308212746861,2368.987,11.969000000000051,11.969000000000051,90,105,41,41,3.819076109073637e+44,2
RM750,Shen2024,78.99152305952552,47.79411116186073,47.324794453297685,24.54417300713071,31.25834337294942,0.5303030303030303,0.9496183951278363,2368.987,11.969000000000051,11.969000000000051,90,105,7,7,2.2842770617523004e+44,2
PG 0844+349 ,Hu2025,38.5,59.16079783099616,59.237108983031405,17.378627781454938,18.757815002940916,0.512396694214876,0.064,1447.0,6.0,6.0,153,124,281,281,3.5000000000000003e+44,2
RM761,Shen2024,99.98396909782443,56.720213839862105,57.31279871482472,18.59943415192231,20.930892260371756,0.5303030303030303,0.770679974138559,2368.987,11.969000000000051,11.969000000000051,90,105,40,40,3.2171826580396835e+44,2
RM762,Shen2024,87.50872668703005,55.582376531840936,55.04693240888139,18.31172459200728,18.453746248783403,0.542713567839196,0.7831813575781204,2368.987,11.944999999999709,11.944999999999709,86,108,27,27,3.089400580927342e+44,2
RM767,Shen2024,96.25525066135732,28.482652096589668,23.341524045274472,108.60315273629001,60.21698520598254,0.5303030303030303,0.5271830745691668,2368.987,11.969000000000051,11.969000000000051,90,105,-2,2,8.11261470455364e+43,2
RM768,Shen2024,19.296434089167935,28.70592404857059,31.16348684433406,10.59658238802151,10.51536975343793,0.5303030303030303,0.25869426923148087,2368.987,11.969000000000051,11.969000000000051,90,105,56,56,8.240300754823032e+43,2
RM769,Shen2024,7.666439118865344,18.188823027113322,21.171558616598574,15.23229930754416,8.021521752749148,0.5303030303030303,0.18720862380634107,2368.987,11.969000000000051,11.969000000000051,90,105,10,10,3.30833283111648e+43,2
RM772,Shen2024,9.699415504973937,25.872809011093224,27.730638296469163,11.364517012233026,9.499648983047045,0.5303030303030303,0.24913742425846896,2368.987,11.969000000000051,11.969000000000051,90,105,21,21,6.694022461245071e+43,2
RM776,Shen2024,17.716369370854306,15.54790901572429,18.22515295055535,11.93450729602414,5.012433359440545,0.5303030303030303,0.11639645572162793,2368.987,11.969000000000051,11.969000000000051,90,105,38,38,2.417374747612405e+43,0
RM779,Shen2024,41.87804391713095,13.411123905405974,14.58606554124682,7.986099903464913,4.059645786629032,0.5326633165829145,0.15227301753746558,2368.987,11.963999999999942,11.963999999999942,87,106,64,64,1.7985824440615157e+43,2
RM781,Shen2024,16.97443434227165,25.312524415860292,27.379933140453026,7.618377122575467,7.23282311894863,0.5303030303030303,0.2638772759415038,2368.987,11.969000000000051,11.969000000000051,90,105,70,70,6.407238923035235e+43,2
RM782,Shen2024,13.06782612394616,37.115689830244186,39.364209420965345,13.76402361844707,13.4093971704749,0.5303030303030303,0.36267831988803834,2368.987,11.969000000000051,11.969000000000051,90,105,47,47,1.3775744315748917e+44,2
PG 1229+204 ,Hu2025,29.1,35.35533905932737,34.034815702866865,6.353738360293356,12.120510509813418,0.5964912280701754,0.064,906.0,8.0,8.0,69,68,218,218,1.2500000000000001e+44,0
RM783,Shen2024,90.19020210560754,122.96987768700951,115.10147500943255,21.790548083752057,24.304388100811664,0.5303030303030303,0.9850934585440727,2368.987,11.969000000000051,11.969000000000051,90,105,37,37,1.5121590818358063e+45,0
RM789,Shen2024,26.41891069493693,27.311417536083276,27.971138269503214,9.727831665425924,9.40068990240918,0.5303030303030303,0.425435565071826,2368.987,11.969000000000051,11.969000000000051,90,105,35,35,7.45913527830277e+43,0
RM790,Shen2024,16.96415454704789,26.38416584368477,28.076766602098765,10.96985310575684,8.223558845022204,0.5303030303030303,0.23782369305781081,2368.987,11.969000000000051,11.969000000000051,90,105,57,57,6.96124207267062e+43,2
RM798,Shen2024,15.111099973370662,41.80031161784042,42.34524477356749,14.06653170182831,16.504963747868217,0.532608695652174,0.42260596000836936,2368.987,12.885999999999513,12.885999999999513,86,98,101,101,1.747266051348565e+44,2
RM805,Shen2024,16.921805256562404,33.959008714132125,35.111164088667515,12.100655575622774,14.257921746317741,0.5392670157068062,0.6211592688155347,2368.987,12.427499999999782,12.427499999999782,89,103,22,22,1.1532142728465017e+44,2
RM822,Shen2024,16.296912597642326,28.277513604677967,30.537802472818502,10.9777690934276,10.778306776388959,0.5303030303030303,0.2886262535449191,2368.987,11.969000000000051,11.969000000000051,90,105,28,28,7.996177756627478e+43,2
RM840,Shen2024,4.789380864049548,24.750649247507745,27.680111224562296,7.540544288294775,7.456987726333612,0.5303030303030303,0.24392490941582157,2368.987,11.969000000000051,11.969000000000051,90,105,47,47,6.12594638173156e+43,2
RM848,Shen2024,15.406307874648542,44.53794908209922,180.50954442346116,413.40050893720377,347.23224666152345,0.5303030303030303,0.7571286937377961,2368.987,11.969000000000051,11.969000000000051,88,105,1,1,1.9836289084396633e+44,3
PG 0026+129 ,Woo2024,13.0,99.04544411531508,97.23673075781616,37.730334063707176,33.02812917707655,0.5444444444444444,0.142,1706.0,19.0,19.0,30,49,73,73,9.810000000000002e+44,2
PG 0052+251 ,Woo2024,63.9,74.69939758793238,74.64249241567816,28.74499203770894,26.254342903164343,0.5420560747663551,0.155,1702.0,16.0,16.0,37,58,46,46,5.5800000000000005e+44,0
